0,1,2,3,4,5,6,7,8,9,10,11,12,13,14,15,16,17,18,19,20,21,22,23,24,25,26,27,28,29,30,31,32,33,34,35,36,37,38,39,40,41,42,43,44,45,46,47,48,49
0.0,4440.71,5635.3,7964.89,8161.95,8359.87,3517.83,2378.02,1167.12,273.74,292.44,2.0,1058.36,1999.59,4484.13,3926.5,4266.48,8040.56,8152.2,2638.58,3992.02,2792.07,3489.66,4639.43,3964.13,4034.1,3488.06,3486.38,574.17,1125.71,4597.34,2388.75,3252.93,3464.03,2933.46,4787.34,4281.35,3904.36,4307.57,4114.28,4092.99,4597.34,2250.15,1110.3,1382.35,1382.35,2339.37,4770.14,3387.92,1093.9
4040.46,0.0,3048.06,2271.48,2468.53,2265.98,1898.49,2617.82,4539.33,4198.09,4271.11,4038.46,3288.28,5131.72,2166.65,3561.8,1205.08,2010.34,2121.99,2093.26,1831.11,1949.9,1274.32,388.35,2090.47,2097.56,3123.36,3121.69,4379.43,3609.92,2032.93,2613.16,2647.93,2955.85,2275.85,933.36,860.01,946.92,2371.03,1953.38,1932.09,2032.93,2608.59,4482.51,4428.13,4428.13,1917.08,2776.8,1768.59,4862.97
4568.34,4397.79,0.0,5000.91,5197.97,5395.89,2921.47,2177.32,5229.75,4243.96,4595.03,4566.34,4409.58,5572.16,4318.46,941.62,3642.92,5076.58,5188.22,3623.06,3982.92,3494.59,2866.11,4596.5,4242.27,4249.37,1442.2,1440.52,4486.18,4839.36,4184.73,4157.84,4192.62,4673.58,3820.54,5021.89,4272.26,3861.44,4522.84,4105.19,4083.89,4184.73,3405.14,5172.93,5444.98,5444.98,3192.28,5506.23,2791.57,4666.47
7974.95,2872.28,4288.89,0.0,202.89,1254.33,4686.73,4663.89,8636.35,7650.57,8001.64,7972.95,4592.51,8978.77,1390.27,5175.12,4020.89,800.03,828.83,3386.1,1428.61,2791.41,3748.89,2854.91,1505.72,1512.82,5380.32,5378.64,7892.79,4610.6,1699.03,3454.66,3426.1,3000.73,3054.02,2550.4,2044.41,3762.73,1436.57,1784.07,1810.89,1699.03,3901.44,8579.54,5428.82,5428.82,3224.43,699.73,4542.1,8073.08
8172.01,3069.34,4485.95,202.89,0.0,1451.39,4883.79,4860.95,8833.41,7847.63,8198.7,8170.01,4789.57,9175.83,1587.33,5372.17,4217.95,997.09,1025.89,3583.16,1625.67,2988.47,3945.94,3051.96,1702.78,1709.88,5577.38,5575.7,8089.85,4807.66,1896.09,3651.72,3623.16,3197.79,3251.08,2747.46,2241.47,3959.79,1633.63,1981.13,2007.95,1896.09,4098.5,8776.6,5625.88,5625.88,3421.49,896.79,4739.16,8270.14
7409.71,2307.04,3723.65,672.53,869.59,0.0,4121.49,4098.66,8071.12,7085.33,7436.4,7407.71,7275.69,8413.53,1868.39,4609.88,3455.65,748.2,859.84,3393.62,1906.73,2798.93,3183.65,2289.67,1983.85,1990.94,4815.08,4813.4,7327.55,4910.29,1546.89,3462.18,3496.95,3241.26,3124.88,1985.16,1479.17,3197.49,1914.69,1379.0,2217.5,1546.89,3908.96,8014.3,8286.35,8286.35,3231.95,1177.85,3976.86,7507.84
3594.58,2192.6,2918.26,3734.76,3931.82,3729.26,0.0,1468.64,4386.48,3270.2,3621.27,3592.58,3135.44,4598.4,2635.81,2412.62,2264.92,3244.26,3355.9,1940.41,2300.27,1811.94,1488.11,2391.31,2559.62,2566.71,1974.18,1972.5,3512.42,3457.07,2502.08,2475.19,2509.96,2990.92,2137.89,2816.7,2743.34,1656.24,2840.18,2422.53,2401.24,2502.08,1722.49,4329.66,4275.29,4275.29,1509.63,2995.64,144.78,3692.71
2551.05,2944.96,2174.11,3964.58,4161.64,5542.95,1468.64,0.0,3212.45,2226.67,2577.74,2549.05,2392.29,3554.87,2865.63,1668.46,2190.09,3474.08,3585.73,2170.23,2530.09,2041.76,1413.28,3143.67,2789.44,2796.54,1230.03,1228.35,2468.89,2822.07,2731.9,2815.65,2739.79,3220.75,2367.71,3569.06,2819.43,2408.61,3070.0,2652.35,2631.06,2731.9,1952.31,3155.64,3427.69,3427.69,1739.45,3225.46,1338.74,2649.18
762.27,4926.93,5920.34,8249.94,8447.0,8644.92,4054.87,2915.06,0.0,1022.15,536.1,760.28,1221.71,1372.93,4542.54,6806.57,6985.05,8325.6,8437.25,3124.8,4315.41,3278.29,6208.23,5125.65,4022.54,4092.51,4025.1,4023.42,592.3,1294.51,4655.75,3020.04,3884.22,3522.44,3575.73,5147.45,4641.47,4390.58,4365.98,4384.25,4362.96,4655.75,2736.37,369.33,641.38,641.38,2825.59,4828.55,3924.96,467.24
972.46,4461.48,5602.75,7932.35,8129.41,8327.33,3485.28,2345.48,1484.25,0.0,849.53,970.46,1079.12,1826.67,4570.48,3893.95,4233.93,8008.01,8119.66,2659.34,4012.78,2812.83,3457.12,4660.19,4050.48,4120.44,3455.52,3453.84,740.69,1243.48,4214.59,2409.51,3273.69,3550.37,2954.22,4808.1,4302.11,3925.12,4393.91,4135.04,4113.75,4214.59,2270.91,1427.43,1699.48,1699.48,2360.13,8437.67,3355.38,920.97
296.4,4138.19,5815.15,8144.74,8341.8,8539.72,3697.68,2557.87,874.72,556.28,0.0,294.4,755.84,1707.2,4191.74,4106.35,4446.33,8220.41,5235.23,2336.05,3964.61,2489.54,3669.51,4336.9,3671.74,3741.7,3667.91,3666.23,325.6,833.32,4304.95,2086.23,2950.4,3171.63,2630.94,4484.82,3978.83,3601.84,4015.17,4033.45,4012.16,4304.95,1947.63,817.91,1089.96,1089.96,2036.85,4477.75,3567.77,801.51
2.0,4438.72,5633.3,7962.9,8159.96,8357.87,3515.83,2376.02,1165.12,271.74,290.45,0.0,1056.36,1997.6,4482.14,3924.5,4264.48,8038.56,8150.2,2636.58,3990.02,2790.07,3487.67,4637.43,3962.14,4032.1,3486.06,3484.38,572.17,1123.72,4595.34,2386.75,3250.93,3462.03,2931.47,4785.34,4279.36,3902.37,4305.57,4112.29,4090.99,4595.34,2248.16,1108.3,1380.35,1380.35,2337.38,4768.14,3385.93,1091.9
671.56,3718.33,5598.91,7928.51,8125.57,8323.48,3148.92,2348.66,1518.13,829.2,798.3,669.57,0.0,2667.59,3972.41,6485.14,3957.64,4213.63,4325.27,1916.2,3269.63,2069.68,3460.3,3917.04,3452.41,3522.37,3458.7,3457.02,969.01,942.58,3471.45,1811.44,2675.62,2952.3,2356.15,4064.96,3558.97,3181.98,3795.84,3391.9,3370.61,3471.45,1527.77,1461.31,1733.36,1733.36,1616.99,4258.41,3019.01,1761.9
867.4,5032.06,6025.47,8355.06,8552.12,8750.04,4159.99,3020.18,105.12,1127.27,641.22,865.4,1326.83,0.0,4647.67,6911.69,7090.17,8430.73,8542.37,3229.92,4420.54,3383.41,6313.36,5230.77,4127.67,4197.63,4130.22,4128.54,697.42,1399.63,4760.87,3125.17,3989.34,3627.56,3680.85,5252.58,4746.59,4495.7,4471.1,4489.38,4468.08,4760.87,2841.5,281.11,556.61,556.61,2930.72,4933.67,4030.08,572.36
4175.05,2076.63,4561.37,1488.78,1685.84,1750.75,2667.53,2897.35,4512.18,4332.69,4243.97,4173.06,3564.68,4988.14,0.0,5447.59,3225.24,1296.46,1325.25,2358.28,400.78,1763.58,4021.36,2059.26,477.9,484.99,3402.89,3401.22,4352.29,3582.78,539.8,2426.83,2398.27,1972.9,2026.19,1754.75,1248.76,2967.08,411.07,728.47,651.66,539.8,2873.61,4455.37,4400.99,4400.99,2196.61,567.77,2537.63,4835.82
4059.49,3888.94,941.62,5887.14,6084.2,6282.11,2412.62,1668.46,4720.89,3735.11,4086.17,4057.49,3900.73,5063.31,3809.61,0.0,3134.07,5962.8,6074.44,3114.21,3474.07,2985.74,2357.26,4087.65,3733.42,3740.51,2328.43,2326.75,3977.33,4330.51,3675.88,3648.99,3683.76,4164.72,3311.69,4513.04,3763.4,3352.59,4013.98,3596.33,3575.04,3675.88,2896.28,4664.07,4936.12,4936.12,2683.43,4169.44,2282.72,4157.62
6197.59,1547.06,2494.6,3509.28,3706.34,3503.78,2239.36,2216.52,5158.7,5873.21,6224.27,6195.59,3907.66,7201.41,3404.46,3380.83,0.0,3248.15,3359.79,2712.63,3068.92,2569.28,899.14,1745.78,3328.27,3335.37,2722.06,2720.39,6115.43,4229.29,3270.73,3232.53,3267.3,3748.26,2895.23,2171.16,2097.81,1566.29,3608.84,3191.18,3169.89,3270.73,3227.96,5101.88,5047.51,5047.51,2536.45,4014.6,2094.73,6295.72
7585.13,2077.79,3899.07,602.54,799.6,864.51,4296.92,4274.08,8246.54,7260.75,7611.82,7583.13,7451.12,8588.95,1005.06,4785.3,3226.4,0.0,111.73,2935.01,1389.8,2340.31,3359.07,2060.42,1466.92,1474.01,4990.5,4988.82,7502.97,4302.38,1070.45,3003.56,3117.87,2692.5,2745.79,1755.91,1249.92,2968.24,1400.09,902.56,1182.3,1070.45,3450.34,8189.72,8461.77,8461.77,2773.34,1107.86,4152.28,7683.26
7613.93,2511.26,3927.87,631.33,828.39,893.31,4325.71,4302.87,8275.33,7289.55,7640.62,7611.93,7479.91,8617.75,1116.7,4814.09,3659.87,111.73,0.0,3046.65,1865.54,2451.95,3387.86,2493.89,1942.65,1949.74,5019.3,5017.62,7531.77,4414.02,1182.09,3115.2,3229.51,2804.15,2857.44,2189.38,1683.39,3401.71,1873.5,1014.2,1293.94,1182.09,3561.98,8218.52,8490.57,8490.57,2884.98,1136.66,4181.08,7712.06
2940.78,1802.14,2912.16,2787.93,2984.99,2782.43,1232.72,1462.54,3439.65,3098.42,3171.44,2938.79,2188.61,4032.05,1688.98,2406.52,2041.44,2297.44,2409.08,0.0,1353.44,865.11,1961.93,2000.85,1612.8,1619.89,1968.08,1966.4,3279.76,2510.25,1555.26,1528.36,1563.14,2044.1,1191.06,2148.77,1642.78,1265.79,1893.36,1475.71,1454.41,1555.26,974.65,3382.84,3328.46,3328.46,761.8,2048.82,1102.82,3763.29
4034.06,1985.57,4470.31,1624.02,1821.08,1885.99,2526.54,2756.36,4371.19,4191.69,4102.97,4032.06,3423.69,4847.14,335.54,5356.54,3134.18,1431.7,1460.5,2217.28,0.0,1622.59,3930.31,1968.2,336.9,344.0,3261.9,3260.22,4211.3,3441.78,448.75,2285.84,2257.28,1831.91,1885.2,1663.69,1157.7,2876.02,546.31,637.41,560.6,448.75,2732.62,4314.37,4260.0,4260.0,2055.61,703.01,2396.64,4694.83
2805.21,2547.57,3770.17,3066.79,3263.85,3061.29,2090.73,2320.55,3304.08,2962.85,3035.87,2803.22,2053.04,3896.48,1967.84,3264.53,2786.88,2576.3,2687.94,858.01,1632.3,0.0,2819.94,2732.13,2295.59,2365.55,2826.09,2824.41,3144.19,2374.68,1834.12,1214.7,1437.66,1918.62,1065.58,2427.63,1921.64,2011.22,2639.02,1754.57,1733.28,1834.12,1373.35,3247.27,3192.89,3192.89,1462.57,2327.68,1960.83,3627.73
5420.77,1616.31,1717.79,4287.08,4484.14,4682.05,1462.55,1439.71,6082.18,5096.39,5447.46,5418.78,5286.76,6424.59,3473.7,2604.01,899.14,3317.4,3429.04,2643.62,3138.16,2515.15,0.0,1815.02,3397.52,3404.61,1945.25,1943.57,5338.61,5691.79,3339.98,3178.4,3213.17,3694.13,2841.1,2240.41,2167.06,1635.54,3678.08,3260.43,3239.14,3339.98,2425.69,6025.36,6297.41,6297.41,2212.84,4792.4,1317.92,5518.9
4272.67,388.35,4730.34,2254.1,2451.16,2248.61,2130.7,2850.04,4771.54,4430.3,4503.32,4270.67,3520.5,5363.93,2149.28,5616.56,1437.29,1992.97,2104.62,2325.47,1813.74,2496.15,1506.53,0.0,2073.1,2080.19,3355.58,3353.9,4611.64,3842.13,2015.56,3159.4,3194.17,2938.48,2822.1,662.15,842.64,1179.13,2353.66,1936.01,1914.72,2015.56,2840.8,4714.72,4660.35,4660.35,2149.29,2759.43,2000.8,5095.18
3697.16,2090.47,4654.77,1727.02,1924.07,1988.99,2559.62,2789.44,4034.29,3854.79,3766.07,3695.16,3086.78,4510.24,520.0,5541.0,3239.08,1534.69,1563.49,2250.36,292.87,1655.67,4114.77,2073.1,0.0,69.96,3294.98,3293.3,3874.39,3104.88,633.21,2196.6,1920.37,1495.01,1548.3,1768.59,1262.6,2980.92,343.43,821.87,745.06,633.21,2765.7,3977.47,3923.09,3923.09,2088.7,806.01,2429.72,4357.93
3813.73,2120.88,4743.42,1658.48,1855.54,1920.45,2590.03,2819.85,4150.86,3971.36,3882.64,3811.73,3203.36,4626.81,550.41,5629.65,3269.49,1466.15,1494.95,2280.78,323.28,1686.08,4203.42,2103.51,217.88,0.0,3325.39,3323.71,3990.97,3221.45,663.62,2313.18,2036.95,1611.58,1664.87,1799.0,1293.01,3011.33,273.47,852.28,775.47,663.62,2796.11,4094.04,4039.67,4039.67,2119.11,737.47,2460.13,4474.5
3262.71,3092.16,1527.73,4111.78,4308.84,5690.15,1615.84,871.68,3924.11,2938.33,3289.4,3260.71,3103.95,4266.53,3012.83,2413.95,2337.29,3621.28,3732.92,2317.43,2677.29,2188.96,1560.48,3290.87,2936.64,2943.73,0.0,1.68,3180.55,3533.73,2879.1,2852.21,2886.98,3367.95,2514.91,3716.26,2966.62,2555.81,3217.2,2799.55,2778.26,2879.1,2099.51,3867.3,4139.34,4139.34,1886.65,3372.66,1485.94,3360.84
3261.03,3090.48,1526.05,4110.1,4307.16,5688.47,1614.16,870.0,3922.43,2936.65,3287.72,3259.03,3102.27,4264.85,3011.15,2412.27,2335.61,3619.6,3731.25,2315.75,2675.61,2187.28,1558.8,3289.19,2934.96,2942.05,1.68,0.0,3178.87,3532.05,2877.42,2850.53,2885.3,3366.27,2513.23,3714.58,2964.94,2554.13,3215.52,2797.87,2776.58,2877.42,2097.83,3865.62,4137.67,4137.67,1884.97,3370.98,1484.26,3359.16
633.36,4475.15,6046.6,8376.2,8573.25,8771.17,4157.87,3018.07,1140.55,893.23,407.18,631.36,1092.79,1575.11,4528.7,6932.83,7111.3,8451.86,8563.5,2673.01,4301.57,2826.5,6334.49,4673.86,4008.7,4078.66,4128.11,4126.43,0.0,1170.27,4641.9,2423.18,3287.36,3508.59,2967.89,4821.77,4315.79,3938.79,4352.13,4370.4,4349.11,4641.9,2284.59,1083.73,1355.78,1355.78,2373.81,4814.7,4027.97,669.41
1100.95,3749.49,5929.17,4609.18,4806.24,4603.68,3180.08,2678.92,1409.49,1258.58,1141.28,1098.95,695.57,2001.89,3365.1,6815.4,3988.8,4379.79,4408.59,1947.36,3137.97,2100.84,3790.56,3948.2,2845.1,2915.07,3788.96,3787.28,1249.6,0.0,3478.31,1842.6,2706.78,2345.0,2398.29,3970.01,3464.03,3213.14,3188.54,3206.81,3185.52,3478.31,1558.93,1352.68,1298.3,1298.3,1648.15,3651.11,3050.17,1733.14
4179.08,1547.59,4032.33,1025.1,1222.16,1550.6,2541.14,2770.96,4528.66,7394.01,4260.44,4177.08,3426.91,5004.61,444.4,4918.56,2696.2,809.58,921.22,2231.88,727.51,1637.18,3492.33,1530.22,906.26,913.35,3276.5,3274.82,7636.23,3599.25,0.0,2300.44,2414.75,1989.38,2042.67,1225.71,719.72,2438.04,839.43,199.43,576.52,0.0,2747.22,4471.84,4417.47,4417.47,2070.21,996.14,2411.23,7816.52
2012.27,2970.4,6050.19,3489.62,3686.68,3484.12,2435.56,2799.94,2652.94,2169.91,2139.01,2010.28,1401.9,3245.34,2390.67,3609.36,3209.71,2999.12,3110.77,1278.39,2055.13,1255.67,3164.77,3154.96,1878.6,1948.56,3170.93,3169.25,2493.05,1723.54,2256.94,0.0,964.93,1378.5,645.46,2850.45,2344.47,2434.05,2222.03,2177.39,2156.1,2256.94,1793.73,2596.13,2541.75,2541.75,1882.95,2684.61,2305.66,2976.59
2232.54,3298.74,6270.46,3598.39,3795.44,3592.89,2763.9,3020.2,2873.21,2390.17,2359.28,2230.54,1622.17,3465.61,2354.31,3937.7,3538.04,3369.0,3397.8,1606.73,2127.18,1584.01,3493.1,3263.73,1834.31,1904.27,3499.26,3497.58,2713.32,1943.8,2467.52,429.09,0.0,1334.2,973.8,2959.22,2453.23,2762.39,2177.74,2196.02,2174.73,2467.52,2079.75,2816.39,2762.02,2762.02,2168.97,2640.32,2634.0,3196.85
3088.57,2695.66,4128.53,3012.95,3210.01,3007.45,2449.09,2678.91,3578.74,3246.21,3215.31,3086.58,2478.2,4054.69,1936.42,3622.89,3223.23,2432.31,2543.96,2139.83,1488.32,1338.09,3178.29,2678.29,1416.42,1486.39,3184.45,3182.77,3418.84,2649.33,1690.13,1177.05,900.82,0.0,528.75,2373.78,1867.8,2447.57,1759.86,1610.58,1589.29,1690.13,2655.17,3521.92,3467.55,3467.55,1978.16,2222.43,2319.18,3902.38
2590.0,2727.28,3817.82,3044.57,3241.63,3039.08,2138.38,2368.2,3230.67,2747.63,2716.73,2588.0,1979.62,3823.06,1968.05,3312.18,2912.53,2463.93,2575.58,1079.78,1519.94,1027.39,2867.59,2709.91,1448.05,1518.01,2873.74,2872.07,3070.77,2301.26,1721.75,678.48,372.08,1071.08,0.0,2405.41,1899.42,2136.87,1791.48,1642.2,1620.91,1721.75,1595.12,3173.85,3119.48,3119.48,1667.46,2254.05,2008.48,3554.31
4733.53,933.36,4425.83,1949.6,2146.66,1944.1,2775.38,3494.72,5232.41,7787.51,4964.19,4731.54,3981.36,5824.8,1844.77,5312.05,2081.97,1688.47,1800.11,2786.33,1509.23,2191.64,2151.22,662.15,1768.59,1775.68,4000.26,3998.58,8029.73,4303.0,1711.05,2854.89,2889.66,2633.98,2517.59,0.0,538.13,1823.81,2049.15,1631.5,1610.21,1711.05,3301.67,5175.59,5121.21,5121.21,2793.97,2454.92,2645.48,8210.02
4227.55,860.01,3919.84,1443.61,1640.67,1438.11,2702.03,2819.43,4726.42,7281.52,4458.2,4225.55,3475.38,5318.81,1338.79,4806.07,2008.62,1182.48,1294.12,2280.35,1003.25,1685.65,2077.86,842.64,1262.6,1269.69,3324.97,3323.29,7523.74,3797.01,1205.06,2348.9,2383.68,2127.99,2011.6,538.13,0.0,1750.46,1543.16,1125.51,1104.22,1205.06,2795.68,4669.6,4615.23,4615.23,2118.68,1948.93,2572.13,7704.03
3694.67,1285.61,3721.66,3247.83,3444.88,3242.33,1552.71,2272.04,4193.54,3852.31,3925.33,3692.68,2942.5,4785.94,2427.99,3216.02,1524.92,2986.7,3098.34,1747.47,2092.45,1604.12,1594.16,1484.32,2351.81,2358.9,2777.58,2775.9,4033.65,3264.14,2294.27,2267.37,2302.15,2783.11,1930.07,1909.71,1836.36,0.0,2632.37,2214.72,2193.43,2294.27,2262.81,4136.73,4082.35,4082.35,1571.29,2787.83,1422.8,4517.19
4537.73,2449.33,4934.08,1686.38,1883.44,1948.35,3030.21,3260.03,4874.86,4695.36,4606.65,4535.73,3927.36,5350.81,849.84,5820.3,3597.94,1494.06,1522.86,2720.95,763.46,2126.26,4394.07,2431.96,840.57,847.67,3765.57,3763.89,4714.97,3945.45,1033.88,2789.51,2760.95,2335.58,2388.87,2127.45,1621.47,3339.79,0.0,1222.55,1145.74,1033.88,3236.29,4818.04,4763.67,4763.67,2559.28,786.71,2900.31,5198.5
4060.48,1640.57,4125.31,1118.08,1315.13,1643.58,2422.53,2652.35,4410.05,7486.99,4141.84,4058.48,3308.3,4886.01,537.38,5011.54,2789.18,902.56,1014.2,2113.28,608.91,1518.58,3585.31,1623.2,999.24,1006.33,3157.89,3156.21,4250.16,3480.65,602.77,2181.83,2296.14,1870.77,1924.06,1318.69,812.7,2531.02,932.41,0.0,457.92,602.77,2628.61,4353.24,4298.86,4298.86,1951.61,1089.11,2292.63,7909.5
4058.63,1638.72,4123.46,1116.23,1313.29,1641.74,2420.69,2650.51,4408.21,7485.14,4139.99,4056.63,3306.46,4884.16,535.53,5009.69,2787.33,900.71,1012.35,2111.43,607.06,1516.73,3583.46,1621.35,997.39,1004.49,3156.05,3154.37,4248.31,3478.8,600.92,2179.98,2294.29,1868.93,1922.22,1316.84,810.86,2529.17,930.57,78.98,0.0,600.92,2626.77,4351.39,4297.02,4297.02,1949.76,1087.27,2290.78,7907.65
4179.08,1547.59,4032.33,1025.1,1222.16,1550.6,2541.14,2770.96,4528.66,7394.01,4260.44,4177.08,3426.91,5004.61,444.4,4918.56,2696.2,809.58,921.22,2231.88,727.51,1637.18,3492.33,1530.22,906.26,913.35,3276.5,3274.82,7636.23,3599.25,0.0,2300.44,2414.75,1989.38,2042.67,1225.71,719.72,2438.04,839.43,199.43,576.52,0.0,2747.22,4471.84,4417.47,4417.47,2070.21,996.14,2411.23,7816.52
2374.62,2190.56,3300.59,3176.35,3373.41,3170.86,1621.14,1850.96,2873.49,2532.25,2605.27,2372.62,1622.44,3465.88,2077.4,2794.94,2429.87,2685.86,2797.5,388.42,1741.86,541.91,2350.35,2389.27,2001.22,2008.31,2356.51,2354.83,2713.59,1944.08,1943.68,1014.5,1190.68,2432.52,871.22,2537.19,2031.2,1654.21,2281.78,1864.13,1842.84,1943.68,0.0,2816.67,2762.3,2762.3,1031.97,2437.24,1491.24,3197.13
1145.94,4701.62,6304.01,8633.6,8830.66,9028.58,4132.21,3298.72,527.26,1405.81,919.76,1143.94,1647.7,1774.22,4317.23,7190.23,4940.93,5331.93,5360.72,2899.49,4090.1,3052.97,6591.9,4900.33,3797.23,3867.2,4408.77,4407.09,975.96,1069.2,4430.44,2794.73,3658.91,3297.13,3350.42,4922.14,4416.16,4165.27,4140.67,4158.94,4137.65,4430.44,2511.06,0.0,275.55,275.55,2600.28,4603.24,4002.3,850.91
1149.84,5031.95,6307.91,8637.5,8834.56,9032.48,4442.43,3302.63,390.03,1409.72,923.66,1147.84,1609.28,1760.5,4647.56,7194.13,7372.61,5662.25,5691.05,3229.81,4420.43,3383.3,6595.8,5230.66,4127.56,4197.52,4412.67,4410.99,979.86,1399.52,4760.76,3125.06,3989.23,3627.45,3680.74,5252.47,4746.48,4495.6,4470.99,4489.27,4467.98,4760.76,2841.39,333.21,0.0,0.0,2930.61,4933.56,4312.53,854.81
1149.84,5031.95,6307.91,8637.5,8834.56,9032.48,4442.43,3302.63,390.03,1409.72,923.66,1147.84,1609.28,1760.5,4647.56,7194.13,7372.61,5662.25,5691.05,3229.81,4420.43,3383.3,6595.8,5230.66,4127.56,4197.52,4412.67,4410.99,979.86,1399.52,4760.76,3125.06,3989.23,3627.45,3680.74,5252.47,4746.48,4495.6,4470.99,4489.27,4467.98,4760.76,2841.39,333.21,0.0,0.0,2930.61,4933.56,4312.53,854.81
2587.47,2403.42,3513.44,3389.21,3586.27,3383.71,1834.0,2063.82,3086.35,2745.11,2818.13,2585.48,1835.3,3678.74,2290.26,3007.8,2642.72,2898.72,3010.36,601.28,1954.72,754.77,2563.21,2602.13,2214.08,2221.17,2569.36,2567.68,2926.45,2156.94,2156.54,1227.36,1403.54,2645.38,1084.08,2750.05,2244.06,1867.07,2494.64,2076.99,2055.7,2156.54,212.86,3029.53,2975.15,2975.15,0.0,2650.1,1704.1,3409.99
4503.16,2290.05,4217.56,921.02,1118.08,1182.99,2995.64,4592.56,4840.29,7579.24,4572.08,4501.17,3892.79,5316.25,690.55,5103.78,3438.66,728.7,757.5,2686.39,728.89,2091.69,3677.55,2272.67,806.01,813.1,5308.99,5307.31,7821.46,3910.89,999.32,2754.94,2726.38,2301.01,2354.3,1968.17,1462.18,3180.5,736.85,1084.35,1111.17,999.32,3201.72,4783.48,4729.1,4729.1,2524.72,0.0,2865.74,8001.74
3464.68,2062.69,2788.36,3604.85,3801.91,3599.36,144.78,1338.74,4256.58,3140.3,3491.36,3462.68,3005.53,4468.5,2505.9,2282.72,2120.29,3114.36,3226.0,1810.51,2170.36,1682.04,1343.47,2261.4,2429.72,2436.81,1844.28,1842.6,3382.52,3327.17,2372.18,2345.29,2380.06,2861.02,2007.99,2686.79,2613.44,1526.34,2710.28,2292.63,2271.34,2372.18,1592.58,4199.76,4145.38,4145.38,1379.73,2865.74,0.0,3562.81
1104.11,5350.38,5739.54,8069.14,8266.2,8464.11,3874.06,2734.26,907.51,1492.46,877.93,1102.11,1923.5,905.79,5023.91,6625.77,6804.25,8144.8,8256.44,3503.71,4796.77,3657.2,6027.43,5549.09,4503.9,4573.87,3844.3,3842.62,652.24,1478.88,5137.11,3253.89,4118.06,4003.8,3798.6,8861.3,8355.31,4814.03,4847.34,4865.61,4844.32,5137.11,3115.29,850.69,1122.74,1122.74,3204.51,8574.46,3744.16,0.0
